the;12561;7526;6410
and;12211;7581;5761
to;10942;6878;5373
you;9961;6400;4308
of;10114;6040;4917
a;9994;6100;4378
i;6834;5929;3733
that;8990;5036;4464
in;6854;4559;3813
is;6716;3666;3264
like;5883;3602;2494
it;6203;3542;2814
we;5133;2865;2532
so;6530;3300;2533
know;5010;3368;2406
it_s;4218;2389;1940
this;4231;2648;2265
think;3837;2550;2141
have;3948;2400;1951
was;2871;2469;1520
for;3911;2385;1735
but;3813;2341;2001
are;3404;1977;1775
they;2724;1723;1738
what;3200;2028;1605
on;3436;2037;1767
be;3062;1910;1533
do;3049;1751;1335
with;2723;1850;1322
about;2524;2108;1288
right;2998;1571;1462
just;2998;1583;1299
that_s;2517;1541;1143
not;2285;1414;1512
going;2537;1305;1060
if;2408;1228;1069
at;2545;1540;902
all;2443;1352;1139
really;2383;1453;951
or;2312;1096;1000
lot;2053;1417;1036
there;2070;1231;1021
as;1797;1196;1005
how;2047;1176;819
can;2365;1027;769
you_re;1834;1205;703
because;2001;1291;1143
these;2083;1100;992
there_s;1848;1016;900
one;1910;1169;850
more;1814;877;785
get;1872;1020;811
very;1654;1024;794
then;1959;884;752
we_re;1753;844;695
our;1483;1042;773
them;1519;898;855
want;1300;1077;816
some;1563;1009;811
make;1720;873;801
were;1345;926;662
from;1398;1068;754
don_t;1325;984;804
when;1382;1026;677
well;1438;1138;790
now;1665;846;794
my;962;1407;486
out;1673;985;630
an;1532;1008;645
way;1562;836;726
your;1202;1086;493
i_m;930;1165;542
they_re;1221;677;681
where;1451;840;680
had;1279;884;594
actually;1485;735;643
mean;1383;815;671
up;1392;915;571
us;1197;902;648
which;1419;657;581
he;460;875;473
go;1247;845;464
who;780;961;634
would;1107;686;513
me;882;1048;512
by;1064;564;628
their;908;595;561
got;916;700;441
doing;1140;591;453
other;1023;593;562
something;1036;622;486
say;866;627;558
could;1082;423;391
no;809;618;416
s;863;668;449
need;893;437;422
has;879;436;526
been;785;563;489
those;967;489;328
into;976;522;369
much;939;461;339
take;898;445;348
look;783;497;398
even;753;463;420
what_s;643;436;352
see;670;465;432
come;637;567;399
here;597;620;349
did;597;538;312
first;676;458;324
most;667;433;343
than;742;387;337
should;535;350;424
new;717;370;265
said;505;513;332
over;715;325;331
why;539;416;323
different;702;321;252
also;685;394;310
will;607;298;306
little;536;538;237
help;567;399;250
being;522;406;317
tell;498;494;262
better;604;358;242
maybe;542;312;265
around;557;333;247
too;454;341;267
two;594;257;198
let_s;393;308;194
trying;475;282;273
every;524;272;195
probably;556;279;204
able;607;214;182
many;448;275;230
we_ve;513;212;207
down;537;258;204
still;496;252;208
does;502;220;217
didn_t;404;292;226
obviously;476;249;278
always;362;325;217
through;474;230;201
he_s;161;350;179
only;436;228;217
everything;475;224;210
best;358;327;171
getting;416;225;194
exactly;439;210;162
can_t;338;203;221
use;522;119;139
any;370;205;202
you_ve;339;242;146
i_ve;264;331;163
his;164;351;172
oh;370;269;150
off;425;185;149
done;361;204;189
last;349;224;204
before;356;241;166
sure;362;212;190
okay;360;208;194
same;361;194;157
10;463;157;96
again;329;191;207
went;295;307;125
everyone;277;228;189
example;387;157;164
believe;202;214;206
next;363;171;126
him;137;303;167
own;322;136;159
having;263;267;117
after;238;205;172
try;267;170;169
never;247;210;137
whole;326;163;129
doesn_t;300;155;154
course;291;162;173
three;363;118;85
ask;209;251;143
few;324;178;115
both;244;174;173
seems;231;137;205
saying;229;156;192
might;268;128;129
yes;247;161;143
someone;229;163;132
whatever;247;151;125
else;254;133;136
came;185;219;113
keep;266;119;100
20;290;123;83
value;230;139;86
together;218;161;114
old;184;217;68
let;183;109;157
anything;234;152;108
certain;214;106;133
five;286;106;69
against;139;111;210
enough;226;123;97
used;199;140;95
away;222;105;104
another;237;108;75
already;259;99;70
seeing;223;129;81
almost;245;115;74
we_ll;208;116;63
though;214;117;100
four;239;120;53
everybody;171;115;100
looking;227;119;60
less;222;75;83
allow;200;63;129
000;236;91;57
far;173;84;137
she;62;165;62
using;285;47;49
seen;179;125;89
each;173;116;82
100;249;79;60
who_s;114;142;96
between;192;95;92
took;170;104;81
saw;154;105;103
become;163;110;86
once;188;75;82
ever;155;127;65
wasn_t;148;110;76
goes;179;80;86
whether;151;73;94
sometimes;127;121;83
thank;50;196;33
they_ve;157;73;75
i_ll;131;121;52
second;156;98;70
least;143;93;85
thanks;33;214;13
50;212;58;38
gets;149;82;64
30;185;74;41
possible;182;65;49
ones;137;84;68
comes;128;89;72
its;136;41;101
others;113;101;80
may;127;76;65
six;165;86;32
i_d;110;102;65
especially;125;80;83
somebody;124;84;66
says;75;117;73
quite;115;81;68
without;134;57;76
here_s;117;61;56
across;124;68;72
while;129;79;60
her;52;134;29
yet;132;74;49
later;114;75;60
nothing;103;66;63
happens;135;51;53
wants;98;66;61
such;102;87;52
within;113;36;81
needs;107;61;65
u;102;51;84
definitely;108;75;53
under;96;44;88
gone;108;63;59
am;66;103;44
yourself;96;102;30
name;72;98;45
themselves;91;61;76
since;100;66;53
wouldn_t;113;61;55
behind;97;69;59
couldn_t;110;63;43
15;133;42;42
became;87;71;55
you_d;113;54;43
they_ll;92;38;53
5;135;41;23
haven_t;92;59;45
co;73;82;31
d;77;85;34
isn_t;103;46;41
along;81;57;63
often;88;52;61
outside;75;71;47
either;103;45;48
until;94;55;36
you_ll;91;55;30
self;91;57;18
shouldn_t;68;57;64
towards;101;43;42
40;114;40;33
seem;61;51;71
aren_t;92;49;47
instead;98;41;43
anyone;78;62;49
2;105;36;38
given;76;65;41
hopefully;91;45;43
itself;111;32;31
cause;80;30;51
weren_t;78;43;41
must;52;55;38
myself;77;68;25
during;60;36;64
usually;85;47;26
3;98;29;19
rather;67;38;45
clearly;53;31;65
certainly;60;38;57
eight;88;36;25
appreciate;32;92;25
25;78;41;18
tried;58;46;39
gives;60;50;30
particular;85;33;26
nobody;55;44;32
gotten;59;54;28
willing;52;46;37
anyway;59;51;33
1;83;23;22
welcome;8;113;18
knows;53;46;30
unfortunately;47;32;57
seven;72;41;15
zero;85;27;16
third;60;36;31
won_t;60;24;42
particularly;55;35;43
12;68;40;20
otherwise;59;37;32
per;81;25;12
looks;80;25;19
somehow;45;32;49
ourselves;61;34;27
we_d;55;30;27
it_ll;56;21;25
taken;60;31;27
plus;75;22;17
becomes;71;16;25
overall;65;28;22
mostly;61;24;24
everywhere;51;20;37
changes;64;18;24
200;71;21;17
soon;50;38;20
useful;57;25;19
non;48;23;25
cannot;37;28;36
b;55;24;21
etc;60;18;20
forth;59;15;27
sorry;35;44;17
anybody;38;27;34
x;48;22;14
t;58;20;4
somewhere;50;19;22
likely;42;25;25
they_d;46;19;25
m;40;30;17
truly;43;25;22
consider;38;25;27
beyond;45;26;20
g;19;19;13
asking;29;40;16
70;51;16;19
18;50;27;8
y;40;27;20
allows;65;15;8
therefore;40;18;26
several;56;14;16
necessary;46;17;18
80;48;15;20
none;47;19;19
becoming;49;19;17
known;29;29;20
whereas;38;25;17
hadn_t;33;33;16
although;37;26;16
4;47;21;14
kept;35;25;21
anywhere;47;15;18
500;38;27;13
6;50;17;6
unless;37;20;18
re;29;19;25
90;38;23;17
60;46;18;12
300;45;18;3
near;41;25;10
nine;35;23;15
serious;25;21;24
com;51;20;3
8;43;15;8
throughout;32;26;14
keeps;37;21;9
7;41;18;9
various;39;11;18
wish;22;27;14
2020;27;13;24
hasn_t;35;18;9
further;32;14;17
following;24;21;17
2000;34;9;12
available;35;21;5
13;22;17;17
h;25;23;14
11;23;26;11
wonder;26;18;15
upon;20;21;18
sent;21;21;14
except;22;19;19
above;32;9;16
24;31;11;13
seemed;19;20;14
c;30;16;7
14;34;11;6
entirely;28;9;11
19;18;21;8
150;31;12;6
it_d;20;16;9
9;29;7;13
whenever;23;12;13
somewhat;24;12;12
please;20;13;10
himself;10;20;17
former;8;23;16
however;15;14;17
alone;13;19;13
yours;16;27;4
p;22;11;14
apart;19;17;10
despite;13;13;18
__;20;20;4
causes;18;16;8
among;8;13;23
twice;22;15;5
currently;22;13;5
appropriate;18;8;16
99;20;15;8
45;18;8;15
400;31;7;2
2021;23;7;12
250;29;7;3
2019;23;11;6
75;24;8;8
16;20;14;5
e;26;8;2
2017;26;5;7
2015;17;15;5
ours;17;8;12
22;24;9;4
relatively;15;11;10
f;18;12;5
amongst;14;17;5
where_s;16;9;9
uses;27;2;6
seriously;13;10;9
perhaps;9;14;11
ought;13;10;10
0;22;7;4
liked;10;21;3
described;16;9;8
normally;20;6;7
neither;6;17;8
whoever;9;11;12
nowhere;12;13;7
elsewhere;11;7;15
r;14;8;4
associated;17;5;9
21;19;12;1
n;11;5;13
aside;15;6;8
35;17;10;4
z;10;11;7
mainly;18;3;9
800;18;5;5
2024;14;9;7
wherever;14;6;8
2008;11;11;5
tends;5;12;8
700;18;3;4
2011;20;2;6
17;11;12;3
un;10;6;10
nearly;16;3;6
fifth;10;10;4
95;16;4;5
600;16;5;4
28;13;7;3
2022;10;3;13
2012;13;9;2
tries;10;5;9
onto;19;2;2
o;7;12;5
l;10;5;8
2016;8;8;7
whose;11;7;5
lately;5;13;5
27;7;8;7
23;13;6;5
2009;7;9;6
2005;12;3;4
w;6;11;5
regardless;10;4;7
novel;17;4;1
followed;7;8;5
afterwards;7;12;3
2014;7;6;9
2004;14;3;3
120;16;3;2
v;10;8;3
secondly;8;4;8
26;9;5;5
besides;9;6;4
2025;11;6;3
2010;10;8;2
immediate;7;3;7
ex;7;9;2
according;9;4;6
00;4;10;3
whom;6;8;2
sub;12;2;2
provides;11;3;3
k;4;10;4
2030;10;3;2
2018;10;5;2
2001;8;4;4
2023;7;5;3
180;9;3;2
via;7;0;5
toward;2;6;7
below;10;2;3
85;9;2;3
inner;2;9;3
concerning;5;1;5
65;9;5;0
42;8;2;0
32;5;5;3
29;7;2;4
2007;8;6;0
reasonably;5;4;2
meanwhile;4;5;4
et;7;0;2
911;4;3;6
2050;9;4;0
nor;4;5;2
indeed;3;3;5
hi;3;9;0
93;5;5;1
51;4;2;5
36;5;0;6
280;12;0;0
2026;7;2;3
2013;3;4;4
unlikely;7;1;3
contain;5;0;5
considering;4;3;4
67;6;2;3
34;5;0;6
31;5;3;3
1999;5;3;3
1970;7;1;3
140;7;2;1
110;8;1;2
theirs;5;2;3
sometime;2;3;5
900;7;1;2
72;6;0;3
52;5;2;3
48;4;3;1
37;4;4;2
33;6;2;1
1998;8;0;1
1995;3;3;4
1960;5;2;2
j;2;6;1
herself;1;3;5
hello;4;2;2
appear;3;1;5
77;6;1;2
2003;4;1;4
1993;8;0;1
1978;3;2;4
125;5;1;3
yourselves;5;3;0
brief;2;2;4
47;4;0;4
2028;4;1;3
1947;2;3;3
1920;2;5;1
187;2;0;4
sensible;2;0;5
moreover;6;0;1
follows;2;3;2
anyways;5;1;1
97;6;1;0
94;2;2;3
63;3;4;0
44;0;1;6
360;5;2;0
2002;2;2;3
1950;0;4;3
1200;3;1;2
101;3;4;0
thus;4;0;2
th;3;1;2
shall;0;1;4
q;2;4;0
merely;2;3;1
latter;2;3;0
88;4;2;0
87;2;0;3
56;4;2;0
38;5;1;0
1991;4;0;2
1977;4;2;0
1976;1;2;3
1500;4;2;0
130;5;1;0
hers;1;4;0
hence;1;1;3
ain_t;0;4;1
a_s;3;1;0
84;5;0;0
79;2;1;2
69;4;1;0
550;3;1;0
49;2;0;3
247;5;0;0
2027;2;1;2
2006;1;3;1
1994;3;2;0
1988;4;0;1
1980;0;4;0
1967;0;3;1
1964;0;1;2
1943;5;0;0
1934;0;0;3
1928;2;1;0
1870;3;1;1
1800;1;4;0
regards;2;0;2
placed;2;1;1
inward;2;2;0
anyhow;2;1;1
98;3;0;0
96;2;1;1
82;3;1;0
68;1;2;1
66;2;1;0
64;1;3;0
59;0;3;0
55;1;1;2
53;3;0;1
43;1;1;2
2029;3;0;1
1996;0;2;2
1982;1;1;2
1972;3;0;1
1944;2;2;0
1933;0;1;2
1900;3;1;0
1776;0;4;0
102;0;4;0
03;3;0;0
thorough;0;2;1
thereafter;1;1;1
specified;2;1;0
indicated;2;0;1
inc;1;2;0
corresponding;0;2;1
beforehand;0;2;1
99200;3;0;0
73;2;0;1
62;0;2;1
61;3;0;0
450;2;0;1
350;3;0;0
230;2;0;1
2100;1;1;1
2035;3;0;0
2032;3;0;0
1984;0;2;1
1983;1;1;1
1971;2;0;1
1961;2;1;0
1925;0;1;2
1913;1;2;0
1883;1;0;2
1729;2;1;0
170;0;1;2
1265;0;3;0
105;2;1;0
09;2;1;0